level,word_level,compound_level,name_letters,hinted_letters,promote_5_pct,promote_10_pct
1,1,0,3,1,100,80
2,2,0,4,2,100,80
3,2,0,4,1,100,80
4,2,0,5,1,100,80
5,3,1,6,2,100,80
6,3,1,6,1,100,80
7,3,1,7,1,100,80
8,4,2,7,2,100,80
9,4,2,7,1,100,80
10,4,2,8,1,100,80
11,5,3,8,3,100,80
12,5,3,9,2,100,80
13,5,3,9,1,100,80
14,6,4,10,3,100,80
15,6,4,10,2,100,80
16,6,4,11,1,100,80
17,7,5,11,3,100,80
18,7,5,12,3,100,80
19,7,5,12,2,100,80
20,8,7,13,4,100,80
21,8,7,14,3,100,80
22,8,7,15,2,100,80
23,9,9,16,4,100,80
24,9,9,17,3,100,80
25,9,9,18,2,100,80
