word,level,pattern,letters,syllables,compound_parts,also_matches,used_in_items,previous_level,review
abandoned,9,Multisyllabic,9,4,,,1,,
ability,9,Multisyllabic,7,4,,,1,,
acrylic,9,Multisyllabic,7,3,,,1,,
adorable,9,Multisyllabic,8,4,,r-controlled,1,,
adrenaline,9,Multisyllabic,10,4,,silent-e,1,,
aether,4,Digraphs,6,2,,"digraph, r-controlled",1,,
afternoon,8,Compound words,9,3,after + noon,"r-controlled, vowel-team",1,,
aged,9,Multisyllabic,4,2,,,2,,
aid,6,Vowel teams,3,1,,vowel-team,1,,
air,7,R-controlled,3,1,,"r-controlled, vowel-team",1,,
alarm,7,R-controlled,5,2,,r-controlled,1,,
alpine,9,Multisyllabic,6,2,,silent-e,2,,
altar,7,R-controlled,5,2,,r-controlled,1,,
amulet,9,Multisyllabic,6,3,,,1,,
and,9,Multisyllabic,3,1,,,1,,
antique,8,Compound words,7,3,anti + que,vowel-team,9,,
arcade,7,R-controlled,6,2,,"silent-e, r-controlled",1,,
arcanine,9,Multisyllabic,8,3,,"silent-e, r-controlled",1,,
arch,4,Digraphs,4,1,,"digraph, r-controlled",1,,
arched,4,Digraphs,6,2,,"digraph, r-controlled",3,,
area,7,R-controlled,4,2,,"r-controlled, vowel-team",2,,
argyle,9,Multisyllabic,6,3,,r-controlled,1,,
armor,7,R-controlled,5,2,,r-controlled,4,,
arrow,7,R-controlled,5,2,,"r-controlled, vowel-team",1,,
art,7,R-controlled,3,1,,r-controlled,5,,
ash,4,Digraphs,3,1,,digraph,1,,
aspear,7,R-controlled,6,2,,"r-controlled, vowel-team",1,,
asphalt,4,Digraphs,7,2,,digraph,2,,
audio,6,Vowel teams,5,2,,vowel-team,1,,
auspicious,9,Multisyllabic,10,3,,vowel-team,1,,
automatic,9,Multisyllabic,9,4,,vowel-team,1,,
avalugg,9,Multisyllabic,7,3,,,1,,
awning,6,Vowel teams,6,2,,vowel-team,1,,
backpack,8,Compound words,8,2,back + pack,,1,,
badge,9,Multisyllabic,5,1,,,8,,
bag,1,Short-vowel CVC,3,1,,,1,,
bags,1,Short-vowel CVC,4,1,,,1,,
ball,2,Floss doubles,4,1,,floss,3,,
balloon,6,Vowel teams,7,2,,vowel-team,1,,
balloons,6,Vowel teams,8,2,,vowel-team,1,6,
banner,7,R-controlled,6,2,,r-controlled,1,,
barb,7,R-controlled,4,1,,r-controlled,2,,
barrel,7,R-controlled,6,2,,r-controlled,1,7,
barren,7,R-controlled,6,2,,r-controlled,2,,
barrier,7,R-controlled,7,2,,"r-controlled, vowel-team",1,,
basin,9,Multisyllabic,5,2,,,1,,
basket,9,Multisyllabic,6,2,,,2,,
bass,2,Floss doubles,4,1,,floss,1,,
bathtime,8,Compound words,8,2,bath + time,"digraph, silent-e",1,,
bathtub,8,Compound words,7,2,bath + tub,digraph,2,8,
beach,4,Digraphs,5,1,,"digraph, vowel-team",4,,
beak,6,Vowel teams,4,1,,vowel-team,1,,
beam,6,Vowel teams,4,1,,vowel-team,1,,
bean,6,Vowel teams,4,1,,vowel-team,2,6,
beautiful,9,Multisyllabic,9,3,,vowel-team,1,,
bed,1,Short-vowel CVC,3,1,,,15,,
bell,2,Floss doubles,4,1,,floss,3,2,
belt,1,Short-vowel CVC,4,1,,,1,,
bench,4,Digraphs,5,1,,digraph,5,,
berry,7,R-controlled,5,2,,r-controlled,18,,
big,1,Short-vowel CVC,3,1,,,4,,
bike,5,Silent-e,4,1,,silent-e,1,5,
bin,1,Short-vowel CVC,3,1,,,2,,
birdhouse,8,Compound words,9,2,bird + house,"silent-e, r-controlled, vowel-team",1,,
bitter,7,R-controlled,6,2,,r-controlled,1,,
black,3,Consonant blends,5,1,,blend,7,,
blank,3,Consonant blends,5,1,,blend,1,,
blanket,3,Consonant blends,7,2,,blend,1,,
blocks,3,Consonant blends,6,1,,blend,1,,
blue,6,Vowel teams,4,1,,"vowel-team, blend",5,,
board,7,R-controlled,5,1,,"r-controlled, vowel-team",4,,
boat,6,Vowel teams,4,1,,vowel-team,3,,
bone,5,Silent-e,4,1,,silent-e,1,,
bonfire,8,Compound words,7,2,bon + fire,silent-e,1,9,differs
boo,6,Vowel teams,3,1,,vowel-team,1,,
book,6,Vowel teams,4,1,,vowel-team,4,6,
bookcase,8,Compound words,8,2,book + case,"silent-e, vowel-team",2,8,
bookshelf,8,Compound words,9,2,book + shelf,"digraph, vowel-team",1,,
bottle,9,Multisyllabic,6,2,,,3,,
boulder,7,R-controlled,7,2,,"r-controlled, vowel-team",2,,
bouldery,9,Multisyllabic,8,3,,"r-controlled, vowel-team",1,,
bouncy,6,Vowel teams,6,2,,vowel-team,1,,
boutique,9,Multisyllabic,8,3,,vowel-team,1,,
bowl,6,Vowel teams,4,1,,vowel-team,1,,
box,1,Short-vowel CVC,3,1,,,7,,
boxes,9,Multisyllabic,5,1,,,1,,
boy,6,Vowel teams,3,1,,vowel-team,1,,
brainy,6,Vowel teams,6,2,,"vowel-team, blend",1,,
bread,6,Vowel teams,5,1,,"vowel-team, blend",7,,
brick,3,Consonant blends,5,1,,blend,11,3,
bridge,3,Consonant blends,6,1,,blend,2,,
broken,3,Consonant blends,6,2,,blend,2,,
bronze,3,Consonant blends,6,1,,blend,2,,
brown,6,Vowel teams,5,1,,"vowel-team, blend",2,,
bruised,6,Vowel teams,7,2,,"vowel-team, blend",1,,
bubble,9,Multisyllabic,6,2,,,1,,
bumpy,9,Multisyllabic,5,2,,,1,,
bunting,9,Multisyllabic,7,2,,,1,,
cabin,9,Multisyllabic,5,2,,,1,,
cabinet,9,Multisyllabic,7,3,,,2,,
cake,5,Silent-e,4,1,,silent-e,1,,
calendar,9,Multisyllabic,8,3,,r-controlled,1,,
camera,9,Multisyllabic,6,3,,r-controlled,1,,
campfire,8,Compound words,8,2,camp + fire,silent-e,1,8,
camping,8,Compound words,7,2,camp + ing,,1,,
can,1,Short-vowel CVC,3,1,,,1,,
candle,9,Multisyllabic,6,2,,,2,,
candy,9,Multisyllabic,5,2,,,2,,
cannon,9,Multisyllabic,6,2,,,2,9,
canoe,6,Vowel teams,5,2,,vowel-team,1,6,
canvas,9,Multisyllabic,6,2,,,1,,
cap,1,Short-vowel CVC,3,1,,,2,,
card,7,R-controlled,4,1,,r-controlled,1,,
cardboard,8,Compound words,9,2,card + board,"r-controlled, vowel-team",1,,
carpeting,8,Compound words,9,3,carpet + ing,r-controlled,4,,
carrot,7,R-controlled,6,2,,r-controlled,2,,
cart,7,R-controlled,4,1,,r-controlled,2,7,
carved,7,R-controlled,6,2,,r-controlled,4,,
cascade,9,Multisyllabic,7,2,,silent-e,1,,
case,5,Silent-e,4,1,,silent-e,1,,
cash,4,Digraphs,4,1,,digraph,1,,
castform,8,Compound words,8,2,cast + form,r-controlled,1,,
cave,5,Silent-e,4,1,,silent-e,4,,
cd,9,Multisyllabic,2,1,,,3,,
ceiling,9,Multisyllabic,7,2,,,1,,
cell,2,Floss doubles,4,1,,floss,2,,
cerulean,9,Multisyllabic,8,3,,"r-controlled, vowel-team",1,,
chain,4,Digraphs,5,1,,"digraph, vowel-team",1,,
chair,4,Digraphs,5,1,,"digraph, r-controlled, vowel-team",18,,
chambers,4,Digraphs,8,2,,"digraph, r-controlled",1,,
chandelier,4,Digraphs,10,3,,"digraph, r-controlled, vowel-team",1,,
chansey,4,Digraphs,7,2,,"digraph, vowel-team",1,,
charcoal,4,Digraphs,8,2,,"digraph, r-controlled, vowel-team",1,4,
charging,4,Digraphs,8,2,,"digraph, r-controlled",1,,
charizard,4,Digraphs,9,3,,"digraph, r-controlled",1,,
charm,4,Digraphs,5,1,,"digraph, r-controlled",1,,
chest,4,Digraphs,5,1,,digraph,2,,
chesto,4,Digraphs,6,2,,digraph,1,,
chic,4,Digraphs,4,1,,digraph,3,,
chili,4,Digraphs,5,2,,digraph,1,,
chocolate,4,Digraphs,9,3,,"digraph, silent-e",1,,
circle,7,R-controlled,6,2,,r-controlled,1,,
city,9,Multisyllabic,4,2,,,14,,
claw,6,Vowel teams,4,1,,"vowel-team, blend",1,,
clay,6,Vowel teams,4,1,,"vowel-team, blend",3,6,
cleaning,8,Compound words,8,2,clean + ing,"vowel-team, blend",1,,
clear,7,R-controlled,5,1,,"r-controlled, vowel-team, blend",2,,
clefairy,9,Multisyllabic,8,3,,"r-controlled, vowel-team, blend",1,,
cliff,3,Consonant blends,5,1,,"blend, floss",8,,
clock,3,Consonant blends,5,1,,blend,4,,
closet,3,Consonant blends,6,2,,blend,2,,
cloth,4,Digraphs,5,1,,"digraph, blend",1,,
cloud,6,Vowel teams,5,1,,"vowel-team, blend",1,,
cluster,7,R-controlled,7,2,,"r-controlled, blend",2,,
coarse,7,R-controlled,6,1,,"r-controlled, vowel-team",2,,
coat,6,Vowel teams,4,1,,vowel-team,1,,
cobblestone,9,Multisyllabic,11,3,,silent-e,1,,
coffee,6,Vowel teams,6,2,,vowel-team,1,,
column,9,Multisyllabic,6,2,,,1,,
common,8,Compound words,6,2,com + mon,,1,,
community,8,Compound words,9,4,comm + unity,,1,,
computer,9,Multisyllabic,8,3,,r-controlled,1,9,
concert,7,R-controlled,7,2,,r-controlled,1,,
concrete,9,Multisyllabic,8,2,,silent-e,6,9,
conditioner,9,Multisyllabic,11,4,,r-controlled,1,,
cone,5,Silent-e,4,1,,silent-e,1,,
construction,8,Compound words,12,3,construct + ion,,1,,
contest,8,Compound words,7,2,con + test,,1,,
control,9,Multisyllabic,7,2,,,1,,
cookies,6,Vowel teams,7,2,,vowel-team,1,,
cooking,8,Compound words,7,2,cook + ing,vowel-team,5,,
cool,6,Vowel teams,4,1,,vowel-team,2,,
cooled,6,Vowel teams,6,2,,vowel-team,1,,
copper,7,R-controlled,6,2,,r-controlled,2,,
cords,7,R-controlled,5,1,,r-controlled,1,,
corkboard,8,Compound words,9,2,cork + board,"r-controlled, vowel-team",1,8,
corner,7,R-controlled,6,2,,r-controlled,1,,
corrugated,9,Multisyllabic,10,4,,r-controlled,1,,
cottage,9,Multisyllabic,7,2,,silent-e,8,,
cotton,9,Multisyllabic,6,2,,,1,,
counter,7,R-controlled,7,2,,"r-controlled, vowel-team",2,7,
cover,7,R-controlled,5,2,,r-controlled,1,,
cracked,3,Consonant blends,7,2,,blend,1,,
crate,5,Silent-e,5,1,,"silent-e, blend",2,,
cream,6,Vowel teams,5,1,,"vowel-team, blend",1,,
crisscross,3,Consonant blends,10,2,,"blend, floss",1,,
crouton,6,Vowel teams,7,2,,"vowel-team, blend",1,,
crushed,4,Digraphs,7,2,,"digraph, blend",1,,
crystal,3,Consonant blends,7,2,,blend,6,,
cube,5,Silent-e,4,1,,silent-e,2,,
cups,1,Short-vowel CVC,4,1,,,1,,
curry,7,R-controlled,5,2,,r-controlled,2,,
curved,7,R-controlled,6,2,,r-controlled,1,,
cushion,4,Digraphs,7,2,,digraph,2,,
cushy,4,Digraphs,5,2,,digraph,1,,
cute,5,Silent-e,4,1,,silent-e,7,,
cutout,8,Compound words,6,2,cut + out,vowel-team,1,,
cutting,9,Multisyllabic,7,2,,,1,,
cyan,9,Multisyllabic,4,1,,,1,,
cyber,7,R-controlled,5,2,,r-controlled,1,,
damaged,8,Compound words,7,3,dam + aged,,5,,
damp,1,Short-vowel CVC,4,1,,,2,,
dance,9,Multisyllabic,5,1,,,2,,
dandy,9,Multisyllabic,5,2,,,1,,
dark,7,R-controlled,4,1,,r-controlled,1,,
debris,9,Multisyllabic,6,2,,,1,,
deck,1,Short-vowel CVC,4,1,,,1,,
decoration,9,Multisyllabic,10,4,,r-controlled,6,,
decorative,9,Multisyllabic,10,4,,"silent-e, r-controlled",1,,
demolition,9,Multisyllabic,10,4,,,1,,
den,1,Short-vowel CVC,3,1,,,4,,
dense,9,Multisyllabic,5,1,,,1,,
deposit,9,Multisyllabic,7,3,,,2,,
design,9,Multisyllabic,6,2,,,1,,
desk,1,Short-vowel CVC,4,1,,,4,,
destiny,8,Compound words,7,3,des + tiny,,1,,
diagonal,9,Multisyllabic,8,3,,,1,,
dice,5,Silent-e,4,1,,silent-e,1,,
diffuser,8,Compound words,8,3,diff + user,r-controlled,1,,
dining,9,Multisyllabic,6,2,,,1,,
diploma,9,Multisyllabic,7,3,,,1,9,
dish,4,Digraphs,4,1,,digraph,1,,
ditto,9,Multisyllabic,5,2,,,3,,
doll,2,Floss doubles,4,1,,floss,7,,
door,7,R-controlled,4,1,,"r-controlled, vowel-team",8,,
doors,7,R-controlled,5,1,,"r-controlled, vowel-team",1,,
dormered,9,Multisyllabic,8,3,,r-controlled,1,,
double,6,Vowel teams,6,2,,vowel-team,1,,
dowsing,8,Compound words,7,2,dow + sing,vowel-team,2,,
dragon,3,Consonant blends,6,2,,blend,1,,
dragonite,9,Multisyllabic,9,3,,"silent-e, blend",1,,
dresser,7,R-controlled,7,2,,"r-controlled, blend",3,,
driftveil,3,Consonant blends,9,2,,blend,1,,
driftwood,8,Compound words,9,2,drift + wood,"vowel-team, blend",1,8,
drink,3,Consonant blends,5,1,,blend,1,,
drum,3,Consonant blends,4,1,,blend,2,,
dry,3,Consonant blends,3,1,,blend,8,,
duckweed,8,Compound words,8,2,duck + weed,vowel-team,2,8,
earth,4,Digraphs,5,1,,"digraph, r-controlled, vowel-team",1,,
eave,5,Silent-e,4,1,,"silent-e, vowel-team",1,,
ecruteak,9,Multisyllabic,8,3,,vowel-team,1,,
eerie,7,R-controlled,5,2,,"r-controlled, vowel-team",1,,
eevee,6,Vowel teams,5,2,,vowel-team,1,,
egg,9,Multisyllabic,3,1,,,1,,
electric,9,Multisyllabic,8,3,,,1,,
electrifying,9,Multisyllabic,12,4,,,1,,
elegant,9,Multisyllabic,7,3,,,1,,
elevator,9,Multisyllabic,8,4,,r-controlled,1,,
emblem,9,Multisyllabic,6,2,,,1,,
enclosure,9,Multisyllabic,9,3,,silent-e,2,,
excavation,9,Multisyllabic,10,4,,,1,,
exhibition,8,Compound words,10,4,exhibit + ion,,1,,
experiment,9,Multisyllabic,10,4,,r-controlled,1,,
extender,9,Multisyllabic,8,3,,r-controlled,1,,
extravagant,9,Multisyllabic,11,4,,,2,,
fairy,7,R-controlled,5,2,,"r-controlled, vowel-team",1,,
fan,1,Short-vowel CVC,3,1,,,3,1,
fancy,9,Multisyllabic,5,2,,,2,,
fang,1,Short-vowel CVC,4,1,,,1,,
feather,8,Compound words,7,2,feat + her,"digraph, r-controlled, vowel-team",3,,
felt,1,Short-vowel CVC,4,1,,,1,,
fencing,9,Multisyllabic,7,2,,,4,,
fern,7,R-controlled,4,1,,r-controlled,1,7,
field,6,Vowel teams,5,1,,vowel-team,2,,
fiery,7,R-controlled,5,2,,"r-controlled, vowel-team",1,,
fire,5,Silent-e,4,1,,silent-e,1,,
firepit,8,Compound words,7,3,fire + pit,r-controlled,1,8,
fireplace,8,Compound words,9,3,fire + place,"silent-e, r-controlled",1,,
first,7,R-controlled,5,1,,r-controlled,1,,
fishing,8,Compound words,7,2,fish + ing,digraph,1,,
flag,3,Consonant blends,4,1,,blend,1,,
flame,5,Silent-e,5,1,,"silent-e, blend",2,,
flat,3,Consonant blends,4,1,,blend,5,,
flavorful,9,Multisyllabic,9,3,,"r-controlled, blend",1,,
float,6,Vowel teams,5,1,,"vowel-team, blend",1,,
floodgate,8,Compound words,9,2,flood + gate,"silent-e, vowel-team, blend",1,,
floor,7,R-controlled,5,1,,"r-controlled, vowel-team, blend",1,,
flooring,8,Compound words,8,2,floor + ing,"r-controlled, vowel-team, blend",22,,
flower,7,R-controlled,6,2,,"r-controlled, vowel-team, blend",8,,
flowering,8,Compound words,9,3,flower + ing,"r-controlled, vowel-team, blend",1,,
flowers,7,R-controlled,7,2,,"r-controlled, vowel-team, blend",7,,
flowery,9,Multisyllabic,7,3,,"r-controlled, vowel-team, blend",1,,
fluff,3,Consonant blends,5,1,,"blend, floss",1,3,
fluffy,3,Consonant blends,6,2,,blend,2,,
fluorescent,9,Multisyllabic,11,3,,"r-controlled, blend",1,,
folding,8,Compound words,7,2,fold + ing,,1,,
food,6,Vowel teams,4,1,,vowel-team,2,,
fortree,8,Compound words,7,2,for + tree,"r-controlled, vowel-team",1,,
fossil,9,Multisyllabic,6,2,,,4,,
foundation,9,Multisyllabic,10,3,,vowel-team,1,9,
fountain,6,Vowel teams,8,2,,vowel-team,3,,
fragment,3,Consonant blends,8,2,,blend,3,,
fragments,3,Consonant blends,9,2,,blend,2,,
frame,5,Silent-e,5,1,,"silent-e, blend",3,5,
freezing,6,Vowel teams,8,2,,"vowel-team, blend",1,,
fresh,4,Digraphs,5,1,,"digraph, blend",2,,
fridge,3,Consonant blends,6,1,,blend,1,,
fried,6,Vowel teams,5,1,,"vowel-team, blend",1,,
frying,3,Consonant blends,6,1,,blend,2,,
fuchsia,4,Digraphs,7,2,,digraph,1,,
funky,9,Multisyllabic,5,2,,,1,,
furnace,7,R-controlled,7,2,,"silent-e, r-controlled",3,,
game,5,Silent-e,4,1,,silent-e,3,,
gaming,9,Multisyllabic,6,2,,,5,,
garbage,7,R-controlled,7,2,,"silent-e, r-controlled",4,,
garden,7,R-controlled,6,2,,r-controlled,6,,
garland,7,R-controlled,7,2,,r-controlled,1,,
gate,5,Silent-e,4,1,,silent-e,2,,
generator,9,Multisyllabic,9,4,,r-controlled,1,,
gingham,9,Multisyllabic,7,2,,,1,,
glass,3,Consonant blends,5,1,,"blend, floss",4,3,
glasses,3,Consonant blends,7,2,,blend,1,,
glossy,3,Consonant blends,6,2,,blend,1,,
glowing,8,Compound words,7,2,glow + ing,"vowel-team, blend",2,,
goggles,9,Multisyllabic,7,2,,,1,,
gold,1,Short-vowel CVC,4,1,,,7,,
golden,9,Multisyllabic,6,2,,,1,,
grass,3,Consonant blends,5,1,,"blend, floss",12,,
grate,5,Silent-e,5,1,,"silent-e, blend",2,,
gravel,3,Consonant blends,6,2,,blend,1,3,
gravestone,8,Compound words,10,3,grave + stone,"silent-e, blend",1,8,
gray,6,Vowel teams,4,1,,"vowel-team, blend",3,,
green,6,Vowel teams,5,1,,"vowel-team, blend",8,,
growth,4,Digraphs,6,1,,"digraph, vowel-team, blend",1,,
grubby,3,Consonant blends,6,2,,blend,8,,
guitar,7,R-controlled,6,2,,"r-controlled, vowel-team",2,,
gym,9,Multisyllabic,3,1,,,1,,
hamburger,9,Multisyllabic,9,3,,r-controlled,6,,
hammock,9,Multisyllabic,7,2,,,1,,
handcar,8,Compound words,7,2,hand + car,r-controlled,1,8,
handrail,8,Compound words,8,2,hand + rail,vowel-team,2,8,
hanging,8,Compound words,7,2,hang + ing,,4,,
harbor,7,R-controlled,6,2,,r-controlled,2,,
hard,7,R-controlled,4,1,,r-controlled,1,,
hardwood,8,Compound words,8,2,hard + wood,"r-controlled, vowel-team",1,,
hatch,4,Digraphs,5,1,,digraph,2,,
hay,6,Vowel teams,3,1,,vowel-team,1,,
healthy,4,Digraphs,7,2,,"digraph, vowel-team",2,,
heart,7,R-controlled,5,1,,"r-controlled, vowel-team",1,,
heat,6,Vowel teams,4,1,,vowel-team,1,,
hedge,9,Multisyllabic,5,1,,,4,,
hexagonal,9,Multisyllabic,9,4,,,1,,
hideout,8,Compound words,7,2,hide + out,vowel-team,1,,
hipped,9,Multisyllabic,6,2,,,4,,
holder,7,R-controlled,6,2,,r-controlled,1,,
hole,9,Multisyllabic,4,2,,silent-e,1,,
honey,6,Vowel teams,5,2,,vowel-team,1,6,
hoppip,9,Multisyllabic,6,2,,,1,,
horsea,7,R-controlled,6,2,,"r-controlled, vowel-team",1,,
hot,1,Short-vowel CVC,3,1,,,1,,
houndstooth,4,Digraphs,11,2,,"digraph, vowel-team",1,,
house,5,Silent-e,5,1,,"silent-e, vowel-team",4,,
humidifier,9,Multisyllabic,10,4,,"r-controlled, vowel-team",1,9,
hut,1,Short-vowel CVC,3,1,,,8,,
hydrant,9,Multisyllabic,7,2,,,1,,
ice,5,Silent-e,3,1,,silent-e,4,5,
icicles,9,Multisyllabic,7,3,,,1,9,
icy,9,Multisyllabic,3,2,,,1,,
in,9,Multisyllabic,2,1,,,1,,
indigo,9,Multisyllabic,6,3,,,1,,
industrial,9,Multisyllabic,10,3,,,4,,
inflatable,9,Multisyllabic,10,4,,,2,,
information,9,Multisyllabic,11,4,,r-controlled,1,,
ingot,9,Multisyllabic,5,2,,,3,,
iron,7,R-controlled,4,2,,r-controlled,27,,
jaw,6,Vowel teams,3,1,,vowel-team,1,,
jubilife,9,Multisyllabic,8,3,,silent-e,1,,
juice,5,Silent-e,5,1,,"silent-e, vowel-team",1,,
jumbled,9,Multisyllabic,7,2,,,1,,
jump,1,Short-vowel CVC,4,1,,,1,,
kit,1,Short-vowel CVC,3,1,,,40,,
kitchen,8,Compound words,7,2,kit + chen,digraph,1,,
knitting,9,Multisyllabic,8,2,,,1,,
knot,1,Short-vowel CVC,4,1,,,1,,
lace,5,Silent-e,4,1,,silent-e,1,,
ladder,7,R-controlled,6,2,,r-controlled,2,,
lagging,9,Multisyllabic,7,2,,,1,,
lamp,1,Short-vowel CVC,4,1,,,15,,
lantern,7,R-controlled,7,2,,r-controlled,2,7,
laptop,9,Multisyllabic,6,2,,,1,8,differs
large,7,R-controlled,5,1,,r-controlled,8,,
laser,7,R-controlled,5,2,,r-controlled,1,,
lava,9,Multisyllabic,4,2,,,1,,
leaf,6,Vowel teams,4,1,,vowel-team,7,6,
leafy,6,Vowel teams,5,2,,vowel-team,1,,
leftovers,8,Compound words,9,3,left + over,r-controlled,1,8,
lens,1,Short-vowel CVC,4,1,,,2,,
leppa,9,Multisyllabic,5,2,,,5,,
letter,7,R-controlled,6,2,,r-controlled,2,7,
levee,6,Vowel teams,5,2,,vowel-team,1,6,
life,5,Silent-e,4,1,,silent-e,1,,
lift,1,Short-vowel CVC,4,1,,,1,,
light,6,Vowel teams,5,1,,vowel-team,12,,
lights,6,Vowel teams,6,1,,vowel-team,1,,
like,5,Silent-e,4,1,,silent-e,2,,
limestone,8,Compound words,9,3,lime + stone,silent-e,1,8,
loaded,6,Vowel teams,6,2,,vowel-team,1,,
locker,7,R-controlled,6,2,,r-controlled,1,,
log,1,Short-vowel CVC,3,1,,,7,,
lost,1,Short-vowel CVC,4,1,,,2,,
lucky,9,Multisyllabic,5,2,,,1,,
lum,1,Short-vowel CVC,3,1,,,1,,
lumber,7,R-controlled,6,2,,r-controlled,2,7,
lunch,4,Digraphs,5,1,,digraph,1,,
luxury,9,Multisyllabic,6,3,,r-controlled,6,,
machine,4,Digraphs,7,2,,"digraph, silent-e",5,,
magazine,9,Multisyllabic,8,3,,silent-e,1,,
magby,9,Multisyllabic,5,2,,,1,,
magikarp,9,Multisyllabic,8,3,,r-controlled,1,,
mailbox,8,Compound words,7,2,mail + box,vowel-team,1,8,
malicious,9,Multisyllabic,9,3,,vowel-team,1,,
map,1,Short-vowel CVC,3,1,,,1,,
marble,7,R-controlled,6,2,,r-controlled,3,7,
marshy,4,Digraphs,6,2,,"digraph, r-controlled",1,,
mat,1,Short-vowel CVC,3,1,,,3,,
meadow,6,Vowel teams,6,2,,vowel-team,1,,
melt,1,Short-vowel CVC,4,1,,,1,,
menu,9,Multisyllabic,4,2,,,1,,
metal,9,Multisyllabic,5,2,,,6,,
metallic,9,Multisyllabic,8,3,,,1,,
meteor,7,R-controlled,6,2,,r-controlled,7,,
mic,1,Short-vowel CVC,3,1,,,2,,
microscope,8,Compound words,10,3,micro + scope,silent-e,1,9,differs
microwave,8,Compound words,9,3,micro + wave,"silent-e, vowel-team",1,,
milk,1,Short-vowel CVC,4,1,,,1,,
mini,9,Multisyllabic,4,2,,,4,,
miracle,9,Multisyllabic,7,3,,r-controlled,1,,
mirror,7,R-controlled,6,2,,r-controlled,4,,
mixer,7,R-controlled,5,2,,r-controlled,2,,
model,9,Multisyllabic,5,2,,,2,,
modern,7,R-controlled,6,2,,r-controlled,4,,
molten,9,Multisyllabic,6,2,,,2,,
monitor,9,Multisyllabic,7,3,,r-controlled,1,,
moomoo,6,Vowel teams,6,2,,vowel-team,1,,
moonlight,8,Compound words,9,2,moon + light,vowel-team,2,,
mosaic,6,Vowel teams,6,2,,vowel-team,2,,
moss,2,Floss doubles,4,1,,floss,1,2,
mossy,9,Multisyllabic,5,2,,,3,,
mountain,6,Vowel teams,8,2,,vowel-team,1,,
mug,1,Short-vowel CVC,3,1,,,1,1,
mushroom,4,Digraphs,8,2,,"digraph, vowel-team",4,,
mushrooms,4,Digraphs,9,2,,"digraph, vowel-team",2,,
mysterious,9,Multisyllabic,10,3,,"r-controlled, vowel-team",5,,
mystic,9,Multisyllabic,6,2,,,1,,
naptime,9,Multisyllabic,7,2,,silent-e,1,,
narrow,7,R-controlled,6,2,,"r-controlled, vowel-team",2,,
neo,9,Multisyllabic,3,1,,,1,,
neon,9,Multisyllabic,4,1,,,1,,
never,7,R-controlled,5,2,,r-controlled,1,,
newspaper,8,Compound words,9,3,news + paper,"r-controlled, vowel-team",2,9,differs
ninja,9,Multisyllabic,5,2,,,1,,
nonburnable,9,Multisyllabic,11,4,,r-controlled,1,,
notepad,8,Compound words,7,3,note + pad,,2,8,
nugget,9,Multisyllabic,6,2,,,2,9,
oblong,9,Multisyllabic,6,2,,,1,,
ocean,6,Vowel teams,5,2,,vowel-team,2,,
of,9,Multisyllabic,2,1,,,1,,
offering,8,Compound words,8,3,offer + ing,r-controlled,1,,
office,8,Compound words,6,2,off + ice,silent-e,7,,
oil,6,Vowel teams,3,1,,vowel-team,2,,
open,9,Multisyllabic,4,2,,,1,,
orange,7,R-controlled,6,2,,r-controlled,3,,
orb,7,R-controlled,3,1,,r-controlled,3,,
ordinary,9,Multisyllabic,8,4,,r-controlled,3,,
ore,5,Silent-e,3,1,,silent-e,3,,
ornament,9,Multisyllabic,8,3,,r-controlled,1,,
oven,9,Multisyllabic,4,2,,,2,,
paint,6,Vowel teams,5,1,,vowel-team,8,,
painted,8,Compound words,7,2,pain + ted,vowel-team,1,,
painting,8,Compound words,8,2,paint + ing,vowel-team,1,,
pallet,9,Multisyllabic,6,2,,,1,,
palm,1,Short-vowel CVC,4,1,,,2,,
pan,1,Short-vowel CVC,3,1,,,2,,
pane,5,Silent-e,4,1,,silent-e,3,,
paper,7,R-controlled,5,2,,r-controlled,2,7,
papers,7,R-controlled,6,2,,r-controlled,2,,
paradise,9,Multisyllabic,8,3,,"silent-e, r-controlled",1,,
parasol,8,Compound words,7,3,para + sol,r-controlled,1,,
park,7,R-controlled,4,1,,r-controlled,1,,
partition,9,Multisyllabic,9,3,,r-controlled,1,,
party,7,R-controlled,5,2,,r-controlled,5,,
passionate,8,Compound words,10,3,passion + ate,silent-e,1,,
path,4,Digraphs,4,1,,digraph,1,,
patterned,9,Multisyllabic,9,3,,r-controlled,1,,
pc,9,Multisyllabic,2,1,,,1,,
pecha,4,Digraphs,5,2,,digraph,1,,
pedestal,9,Multisyllabic,8,3,,,1,,
pen,1,Short-vowel CVC,3,1,,,1,,
pencil,9,Multisyllabic,6,2,,,1,,
perch,4,Digraphs,5,1,,"digraph, r-controlled",1,4,
pewter,7,R-controlled,6,2,,"r-controlled, vowel-team",1,,
phone,4,Digraphs,5,1,,"digraph, silent-e",2,,
photo,4,Digraphs,5,2,,digraph,3,,
picnic,9,Multisyllabic,6,2,,,2,,
piece,5,Silent-e,5,1,,"silent-e, vowel-team",1,,
pikachu,4,Digraphs,7,3,,digraph,3,,
pile,9,Multisyllabic,4,2,,silent-e,2,,
pillar,7,R-controlled,6,2,,r-controlled,3,,
pink,1,Short-vowel CVC,4,1,,,4,,
pinwheels,8,Compound words,9,2,pin + wheels,"digraph, vowel-team",1,8,
pipe,5,Silent-e,4,1,,silent-e,1,,
pipes,5,Silent-e,5,1,,silent-e,1,,
pitched,4,Digraphs,7,2,,digraph,1,,
pitcher,4,Digraphs,7,2,,"digraph, r-controlled",1,,
pizza,9,Multisyllabic,5,2,,,1,,
plain,6,Vowel teams,5,1,,"vowel-team, blend",9,,
planet,3,Consonant blends,6,2,,blend,1,,
planks,3,Consonant blends,6,1,,blend,1,,
plant,3,Consonant blends,5,1,,blend,12,,
planter,7,R-controlled,7,2,,"r-controlled, blend",1,7,
plaster,7,R-controlled,7,2,,"r-controlled, blend",1,,
plate,5,Silent-e,5,1,,"silent-e, blend",4,5,
platform,7,R-controlled,8,2,,"r-controlled, blend",2,,
plating,3,Consonant blends,7,2,,blend,1,,
platter,7,R-controlled,7,2,,"r-controlled, blend",1,,
player,7,R-controlled,6,1,,"r-controlled, vowel-team, blend",1,,
plaza,3,Consonant blends,5,2,,blend,1,,
pointy,6,Vowel teams,6,2,,vowel-team,2,,
poison,6,Vowel teams,6,2,,vowel-team,1,,
pole,9,Multisyllabic,4,2,,silent-e,2,,
policy,9,Multisyllabic,6,3,,,1,,
polygonal,9,Multisyllabic,9,4,,,1,,
pop,1,Short-vowel CVC,3,1,,,6,,
popper,8,Compound words,6,2,pop + per,r-controlled,1,,
poster,7,R-controlled,6,2,,r-controlled,19,,
posts,9,Multisyllabic,5,1,,,1,,
pot,1,Short-vowel CVC,3,1,,,5,,
potato,9,Multisyllabic,6,3,,,3,9,
potatoes,9,Multisyllabic,8,3,,vowel-team,1,,
potted,9,Multisyllabic,6,2,,,2,,
powder,7,R-controlled,6,2,,"r-controlled, vowel-team",2,,
power,7,R-controlled,5,2,,"r-controlled, vowel-team",3,,
print,3,Consonant blends,5,1,,blend,13,,
printer,7,R-controlled,7,2,,"r-controlled, blend",1,7,
protruding,9,Multisyllabic,10,3,,blend,1,,
province,3,Consonant blends,8,2,,blend,1,,
public,9,Multisyllabic,6,2,,,1,,
pulley,6,Vowel teams,6,2,,vowel-team,1,9,differs
punching,8,Compound words,8,2,punch + ing,digraph,2,,
push,4,Digraphs,4,1,,digraph,1,,
quarter,7,R-controlled,7,2,,"r-controlled, blend",2,,
quick,6,Vowel teams,5,1,,"vowel-team, blend",1,,
rack,1,Short-vowel CVC,4,1,,,4,,
rags,1,Short-vowel CVC,4,1,,,1,,
raichu,4,Digraphs,6,2,,"digraph, vowel-team",1,,
railing,8,Compound words,7,2,rail + ing,vowel-team,1,,
railway,8,Compound words,7,2,rail + way,vowel-team,1,,
rainbow,8,Compound words,7,2,rain + bow,vowel-team,1,,
rainbowish,4,Digraphs,10,3,,"digraph, vowel-team",1,,
rare,5,Silent-e,4,1,,silent-e,2,,
rawst,6,Vowel teams,5,1,,vowel-team,1,,
reader,7,R-controlled,6,2,,"r-controlled, vowel-team",1,,
recycled,9,Multisyllabic,8,3,,,1,,
recycling,9,Multisyllabic,9,3,,,1,,
red,1,Short-vowel CVC,3,1,,,9,,
reddish,8,Compound words,7,2,red + dish,digraph,1,,
refrigerator,9,Multisyllabic,12,5,,r-controlled,1,9,
register,9,Multisyllabic,8,3,,r-controlled,1,,
relaxing,8,Compound words,8,3,relax + ing,,1,,
relic,9,Multisyllabic,5,2,,,2,,
repel,9,Multisyllabic,5,2,,,1,9,
resort,7,R-controlled,6,2,,r-controlled,7,,
ribbon,9,Multisyllabic,6,2,,,1,,
rice,5,Silent-e,4,1,,silent-e,1,,
ring,1,Short-vowel CVC,4,1,,,1,,
road,6,Vowel teams,4,1,,vowel-team,2,,
robust,9,Multisyllabic,6,2,,,1,,
rock,1,Short-vowel CVC,4,1,,,30,,
rocket,9,Multisyllabic,6,2,,,2,,
rod,1,Short-vowel CVC,3,1,,,1,,
roof,6,Vowel teams,4,1,,vowel-team,21,,
room,6,Vowel teams,4,1,,vowel-team,1,,
root,6,Vowel teams,4,1,,vowel-team,1,,
rope,5,Silent-e,4,1,,silent-e,3,5,
rose,5,Silent-e,4,1,,silent-e,1,,
roserade,9,Multisyllabic,8,3,,"silent-e, r-controlled",1,,
rough,6,Vowel teams,5,1,,vowel-team,1,,
round,6,Vowel teams,5,1,,vowel-team,2,,
rowlet,6,Vowel teams,6,2,,vowel-team,1,,
rug,1,Short-vowel CVC,3,1,,,10,,
ruin,6,Vowel teams,4,1,,vowel-team,1,,
rusted,9,Multisyllabic,6,2,,,1,,
rustic,9,Multisyllabic,6,2,,,1,,
sail,6,Vowel teams,4,1,,vowel-team,1,,
salad,9,Multisyllabic,5,2,,,6,,
sand,1,Short-vowel CVC,4,1,,,9,,
sandbags,8,Compound words,8,2,sand + bags,,1,8,
sandbox,8,Compound words,7,2,sand + box,,1,8,
sandstone,8,Compound words,9,2,sand + stone,silent-e,3,8,
sandwiches,4,Digraphs,10,3,,digraph,1,4,
sash,4,Digraphs,4,1,,digraph,1,,
sauce,5,Silent-e,5,1,,"silent-e, vowel-team",1,,
scaffold,3,Consonant blends,8,2,,blend,1,,
scale,3,Consonant blends,5,2,,"silent-e, blend",1,,
scarf,7,R-controlled,5,1,,"r-controlled, blend",1,,
science,6,Vowel teams,7,1,,"vowel-team, blend",1,,
scrap,3,Consonant blends,5,1,,blend,1,,
scroll,3,Consonant blends,6,1,,"blend, floss",1,,
sea,6,Vowel teams,3,1,,vowel-team,1,,
seashell,8,Compound words,8,2,sea + shell,"digraph, vowel-team, floss",2,8,
seashore,8,Compound words,8,2,sea + shore,"digraph, silent-e, vowel-team",3,,
seat,6,Vowel teams,4,1,,vowel-team,3,,
seaweed,8,Compound words,7,2,sea + weed,vowel-team,3,8,
security,9,Multisyllabic,8,4,,r-controlled,1,,
seed,6,Vowel teams,4,1,,vowel-team,1,,
seedot,6,Vowel teams,6,2,,vowel-team,1,,
sensor,7,R-controlled,6,2,,r-controlled,1,,
service,8,Compound words,7,2,ser + vice,"silent-e, r-controlled",1,,
set,1,Short-vowel CVC,3,1,,,3,,
setting,9,Multisyllabic,7,2,,,2,,
sewer,7,R-controlled,5,2,,"r-controlled, vowel-team",1,,
sharp,4,Digraphs,5,1,,"digraph, r-controlled",1,,
shaved,4,Digraphs,6,2,,digraph,1,,
shelf,4,Digraphs,5,1,,digraph,2,,
shell,4,Digraphs,5,1,,"digraph, floss",1,,
shield,4,Digraphs,6,1,,"digraph, vowel-team",1,,
shoots,4,Digraphs,6,1,,"digraph, vowel-team",8,,
shop,4,Digraphs,4,1,,digraph,1,,
shredded,4,Digraphs,8,2,,"digraph, blend",1,,
shutter,4,Digraphs,7,2,,"digraph, r-controlled",1,4,
shuttle,4,Digraphs,7,2,,digraph,1,,
side,5,Silent-e,4,1,,silent-e,1,,
sideways,8,Compound words,8,3,side + ways,vowel-team,1,,
sign,1,Short-vowel CVC,4,1,,,3,,
signpost,8,Compound words,8,2,sign + post,,1,8,
silk,1,Short-vowel CVC,4,1,,,1,,
silver,7,R-controlled,6,2,,r-controlled,3,,
simple,9,Multisyllabic,6,2,,,9,,
sink,1,Short-vowel CVC,4,1,,,2,1,
skull,3,Consonant blends,5,1,,"blend, floss",1,,
skyland,8,Compound words,7,2,sky + land,blend,5,,
skylight,8,Compound words,8,2,sky + light,"vowel-team, blend",1,8,
slab,3,Consonant blends,4,1,,blend,1,,
slate,5,Silent-e,5,1,,"silent-e, blend",1,,
slender,7,R-controlled,7,2,,"r-controlled, blend",1,,
slide,5,Silent-e,5,1,,"silent-e, blend",1,5,
sloped,3,Consonant blends,6,2,,blend,3,,
slowpoke,6,Vowel teams,8,2,,"silent-e, vowel-team, blend",1,,
sludge,3,Consonant blends,6,1,,blend,1,,
small,3,Consonant blends,5,1,,"blend, floss",9,,
smelting,3,Consonant blends,8,2,,blend,2,,
smooth,4,Digraphs,6,1,,"digraph, vowel-team, blend",1,,
snowbelle,8,Compound words,9,3,snow + belle,"vowel-team, blend",1,,
soda,9,Multisyllabic,4,2,,,2,,
sofa,9,Multisyllabic,4,2,,,9,,
soft,1,Short-vowel CVC,4,1,,,4,,
soil,6,Vowel teams,4,1,,vowel-team,6,,
sootopolis,9,Multisyllabic,10,4,,vowel-team,1,,
soul,6,Vowel teams,4,1,,vowel-team,1,,
soup,6,Vowel teams,4,1,,vowel-team,6,,
south,4,Digraphs,5,1,,"digraph, vowel-team",1,,
space,5,Silent-e,5,1,,"silent-e, blend",1,,
spaceship,8,Compound words,9,3,spaces + hip,"digraph, blend",1,8,
spacesuit,8,Compound words,9,3,space + suit,"vowel-team, blend",1,8,
speaker,7,R-controlled,7,2,,"r-controlled, vowel-team, blend",1,7,
spectacular,9,Multisyllabic,11,4,,"r-controlled, blend",1,,
spectator,9,Multisyllabic,9,3,,"r-controlled, blend",1,,
spell,3,Consonant blends,5,1,,"blend, floss",1,,
spoon,6,Vowel teams,5,1,,"vowel-team, blend",1,,
spores,3,Consonant blends,6,1,,blend,1,,
spotlight,8,Compound words,9,2,spot + light,"vowel-team, blend",1,8,
spotted,8,Compound words,7,2,spot + ted,blend,4,,
spout,6,Vowel teams,5,1,,"vowel-team, blend",1,,
spray,6,Vowel teams,5,1,,"vowel-team, blend",1,,
spring,3,Consonant blends,6,1,,blend,1,,
sprinkler,7,R-controlled,9,2,,"r-controlled, blend",1,9,differs
square,5,Silent-e,6,1,,"silent-e, blend",5,,
squishy,4,Digraphs,7,2,,"digraph, vowel-team, blend",1,,
stage,5,Silent-e,5,1,,"silent-e, blend",2,,
stalactites,9,Multisyllabic,11,3,,blend,1,9,
stalagmites,9,Multisyllabic,11,3,,blend,1,9,
stand,3,Consonant blends,5,1,,blend,3,,
standing,8,Compound words,8,2,stand + ing,blend,1,,
star,7,R-controlled,4,1,,"r-controlled, blend",2,,
stardust,8,Compound words,8,2,star + dust,"r-controlled, blend",1,8,
station,8,Compound words,7,2,stat + ion,blend,1,,
statue,6,Vowel teams,6,2,,"vowel-team, blend",4,,
steak,6,Vowel teams,5,1,,"vowel-team, blend",6,,
stepping,8,Compound words,8,2,step + ping,blend,1,,
steps,3,Consonant blends,5,1,,blend,7,,
stick,3,Consonant blends,5,1,,blend,1,,
sticky,3,Consonant blends,6,2,,blend,2,,
stone,5,Silent-e,5,1,,"silent-e, blend",27,5,
stones,5,Silent-e,6,1,,"silent-e, blend",1,,
stool,6,Vowel teams,5,1,,"vowel-team, blend",4,,
storage,7,R-controlled,7,2,,"silent-e, r-controlled, blend",3,,
stove,5,Silent-e,5,1,,"silent-e, blend",1,,
strange,3,Consonant blends,7,1,,blend,1,,
straw,6,Vowel teams,5,1,,"vowel-team, blend",3,,
streetlight,8,Compound words,11,2,street + light,"vowel-team, blend",5,,
strength,4,Digraphs,8,1,,"digraph, blend",1,,
string,3,Consonant blends,6,1,,blend,1,,
strings,3,Consonant blends,7,1,,blend,1,,
striped,3,Consonant blends,7,2,,blend,3,,
study,3,Consonant blends,5,2,,blend,1,,
stump,3,Consonant blends,5,1,,blend,3,,
sturdy,7,R-controlled,6,2,,"r-controlled, blend",1,,
stylish,4,Digraphs,7,2,,"digraph, blend",11,,
substitute,9,Multisyllabic,10,3,,silent-e,1,,
sudowoodo,9,Multisyllabic,9,4,,vowel-team,1,,
sunny,9,Multisyllabic,5,2,,,1,,
super,7,R-controlled,5,2,,r-controlled,1,,
supplies,6,Vowel teams,8,2,,vowel-team,3,,
support,7,R-controlled,7,2,,r-controlled,1,,
surface,8,Compound words,7,2,surf + ace,"silent-e, r-controlled",1,,
swirl,7,R-controlled,5,1,,"r-controlled, blend",1,,
switch,4,Digraphs,6,1,,"digraph, blend",3,,
system,9,Multisyllabic,6,2,,,1,,
table,9,Multisyllabic,5,2,,,22,,
tablet,9,Multisyllabic,6,2,,,2,9,
tabletop,8,Compound words,8,3,table + top,,1,,
tag,1,Short-vowel CVC,3,1,,,1,,
tail,6,Vowel teams,4,1,,vowel-team,1,,
tall,2,Floss doubles,4,1,,floss,6,,
target,7,R-controlled,6,2,,r-controlled,1,,
tartan,7,R-controlled,6,2,,r-controlled,1,,
tatami,9,Multisyllabic,6,3,,,1,,
tea,6,Vowel teams,3,1,,vowel-team,3,,
team,6,Vowel teams,4,1,,vowel-team,1,,
technology,4,Digraphs,10,4,,digraph,1,,
teeth,4,Digraphs,5,1,,"digraph, vowel-team",1,,
television,9,Multisyllabic,10,4,,,1,9,
tent,1,Short-vowel CVC,4,1,,,4,,
terrain,7,R-controlled,7,2,,"r-controlled, vowel-team",1,,
the,4,Digraphs,3,1,,digraph,1,,
throat,4,Digraphs,6,1,,"digraph, vowel-team, blend",1,,
thunderish,4,Digraphs,10,3,,"digraph, r-controlled",1,,
tiled,9,Multisyllabic,5,2,,,5,,
tiling,9,Multisyllabic,6,2,,,10,,
tinkagear,9,Multisyllabic,9,3,,"r-controlled, vowel-team",1,,
tire,5,Silent-e,4,1,,silent-e,1,,
tires,5,Silent-e,5,1,,silent-e,1,,
toilet,6,Vowel teams,6,2,,vowel-team,1,6,
tomato,9,Multisyllabic,6,3,,,3,9,
tools,6,Vowel teams,5,1,,vowel-team,1,,
torch,4,Digraphs,5,1,,"digraph, r-controlled",2,4,
towel,6,Vowel teams,5,2,,vowel-team,1,,
tower,7,R-controlled,5,2,,"r-controlled, vowel-team",2,,
town,6,Vowel teams,4,1,,vowel-team,3,,
townscape,8,Compound words,9,2,towns + cape,"silent-e, vowel-team",1,,
toy,6,Vowel teams,3,1,,vowel-team,2,,
track,3,Consonant blends,5,1,,blend,1,,
traffic,3,Consonant blends,7,2,,blend,1,,
training,8,Compound words,8,2,train + ing,"vowel-team, blend",1,,
transmitter,9,Multisyllabic,11,3,,"r-controlled, blend",2,,
treasure,6,Vowel teams,8,2,,"silent-e, vowel-team, blend",1,9,differs
tree,6,Vowel teams,4,1,,"vowel-team, blend",6,,
triangle,8,Compound words,8,2,tri + angle,blend,1,,
trio,3,Consonant blends,4,1,,blend,1,,
trophy,4,Digraphs,6,2,,"digraph, blend",1,,
twine,5,Silent-e,5,1,,"silent-e, blend",1,5,
twisted,3,Consonant blends,7,2,,blend,2,,
ultra,9,Multisyllabic,5,2,,,1,,
underground,8,Compound words,11,3,under + ground,"r-controlled, vowel-team",1,,
union,9,Multisyllabic,5,2,,,1,,
unit,9,Multisyllabic,4,2,,,1,,
upright,6,Vowel teams,7,2,,vowel-team,1,,
utility,9,Multisyllabic,7,4,,,1,,
valley,6,Vowel teams,6,2,,vowel-team,4,,
vane,5,Silent-e,4,1,,silent-e,1,,
vase,5,Silent-e,4,1,,silent-e,1,,
vending,9,Multisyllabic,7,2,,,1,,
ventilation,9,Multisyllabic,11,4,,,1,,
verdant,7,R-controlled,7,2,,r-controlled,2,,
vermilion,9,Multisyllabic,9,3,,r-controlled,1,,
vibrant,9,Multisyllabic,7,2,,,1,,
village,9,Multisyllabic,7,2,,silent-e,1,,
vine,5,Silent-e,4,1,,silent-e,3,,
vines,5,Silent-e,5,1,,silent-e,2,5,
violet,9,Multisyllabic,6,2,,,1,,
viridian,9,Multisyllabic,8,3,,r-controlled,1,,
volcanic,9,Multisyllabic,8,3,,,2,,
volcanoey,9,Multisyllabic,9,3,,vowel-team,1,,
walkway,8,Compound words,7,2,walk + way,vowel-team,1,8,
wall,2,Floss doubles,4,1,,floss,35,,
warning,7,R-controlled,7,2,,r-controlled,1,,
washing,8,Compound words,7,2,wash + ing,digraph,1,,
wastepaper,8,Compound words,10,4,waste + paper,r-controlled,1,9,differs
water,7,R-controlled,5,2,,r-controlled,5,,
watercolor,8,Compound words,10,4,water + color,r-controlled,1,,
waterproof,8,Compound words,10,3,water + proof,"r-controlled, vowel-team",1,,
waterwheel,8,Compound words,10,3,water + wheel,"digraph, r-controlled, vowel-team",1,,
weakness,6,Vowel teams,8,2,,"vowel-team, floss",1,,
weather,4,Digraphs,7,2,,"digraph, r-controlled, vowel-team",2,,
web,1,Short-vowel CVC,3,1,,,1,,
wheat,4,Digraphs,5,1,,"digraph, vowel-team",2,4,
wheelbarrow,4,Digraphs,11,3,,"digraph, r-controlled, vowel-team",1,9,differs
white,4,Digraphs,5,1,,"digraph, silent-e",3,,
wide,5,Silent-e,4,1,,silent-e,1,,
wiggly,9,Multisyllabic,6,2,,,1,,
wild,1,Short-vowel CVC,4,1,,,1,,
wildflower,8,Compound words,10,3,wild + flower,"r-controlled, vowel-team",1,8,
windmill,8,Compound words,8,2,wind + mill,floss,2,,
window,6,Vowel teams,6,2,,vowel-team,5,,
winter,7,R-controlled,6,2,,r-controlled,1,,
wire,5,Silent-e,4,1,,silent-e,1,5,
wireless,8,Compound words,8,3,wire + less,"r-controlled, floss",2,,
wobbler,7,R-controlled,7,2,,r-controlled,1,,
wobbuffet,9,Multisyllabic,9,3,,,1,,
wooden,6,Vowel teams,6,2,,vowel-team,23,,
workbench,8,Compound words,9,2,work + bench,"digraph, r-controlled",1,8,
worn,7,R-controlled,4,1,,r-controlled,2,,
woven,9,Multisyllabic,5,2,,,1,,
wyndon,9,Multisyllabic,6,2,,,1,,
yellow,6,Vowel teams,6,2,,vowel-team,9,,
zero,7,R-controlled,4,2,,r-controlled,1,,
zoom,6,Vowel teams,4,1,,vowel-team,1,,
